skills,role
python sql excel,Data Analyst
python machine learning statistics,Data Scientist
java spring sql,Backend Developer
html css javascript react,Frontend Developer
python tensorflow deep learning,ML Engineer
aws docker kubernetes,Cloud Engineer
python pandas numpy,Data Analyst
javascript node mongodb,Backend Developer
html css javascript,Frontend Developer
python sklearn pandas,Data Scientist
python sql excel,Data Analyst
python machine learning statistics,Data Scientist
java spring sql,Backend Developer
html css javascript react,Frontend Developer
python tensorflow deep learning,ML Engineer
aws docker kubernetes,Cloud Engineer
python pandas numpy,Data Analyst
javascript node mongodb,Backend Developer
html css javascript,Frontend Developer
python sklearn pandas,Data Scientist
python sql excel,Data Analyst
python machine learning statistics,Data Scientist
java spring sql,Backend Developer
html css javascript react,Frontend Developer
python tensorflow deep learning,ML Engineer
aws docker kubernetes,Cloud Engineer
python pandas numpy,Data Analyst
javascript node mongodb,Backend Developer
html css javascript,Frontend Developer
python sklearn pandas,Data Scientist
python sql excel,Data Analyst
python machine learning statistics,Data Scientist
java spring sql,Backend Developer
html css javascript react,Frontend Developer
python tensorflow deep learning,ML Engineer
aws docker kubernetes,Cloud Engineer
python pandas numpy,Data Analyst
javascript node mongodb,Backend Developer
html css javascript,Frontend Developer
python sklearn pandas,Data Scientist
python sql excel,Data Analyst
python machine learning statistics,Data Scientist
java spring sql,Backend Developer
html css javascript react,Frontend Developer
python tensorflow deep learning,ML Engineer
aws docker kubernetes,Cloud Engineer
python pandas numpy,Data Analyst
javascript node mongodb,Backend Developer
html css javascript,Frontend Developer
python sklearn pandas,Data Scientist
python sql excel,Data Analyst
python machine learning statistics,Data Scientist
java spring sql,Backend Developer
html css javascript react,Frontend Developer
python tensorflow deep learning,ML Engineer
aws docker kubernetes,Cloud Engineer
python pandas numpy,Data Analyst
javascript node mongodb,Backend Developer
html css javascript,Frontend Developer
python sklearn pandas,Data Scientist
python sql excel,Data Analyst
python machine learning statistics,Data Scientist
java spring sql,Backend Developer
html css javascript react,Frontend Developer
python tensorflow deep learning,ML Engineer
aws docker kubernetes,Cloud Engineer
python pandas numpy,Data Analyst
javascript node mongodb,Backend Developer
html css javascript,Frontend Developer
python sklearn pandas,Data Scientist
python sql excel,Data Analyst
python machine learning statistics,Data Scientist
java spring sql,Backend Developer
html css javascript react,Frontend Developer
python tensorflow deep learning,ML Engineer
aws docker kubernetes,Cloud Engineer
python pandas numpy,Data Analyst
javascript node mongodb,Backend Developer
html css javascript,Frontend Developer
python sklearn pandas,Data Scientist
python sql excel,Data Analyst
python machine learning statistics,Data Scientist
java spring sql,Backend Developer
html css javascript react,Frontend Developer
python tensorflow deep learning,ML Engineer
aws docker kubernetes,Cloud Engineer
python pandas numpy,Data Analyst
javascript node mongodb,Backend Developer
html css javascript,Frontend Developer
python sklearn pandas,Data Scientist
python sql excel,Data Analyst
python machine learning statistics,Data Scientist
java spring sql,Backend Developer
html css javascript react,Frontend Developer
python tensorflow deep learning,ML Engineer
aws docker kubernetes,Cloud Engineer
python pandas numpy,Data Analyst
javascript node mongodb,Backend Developer
html css javascript,Frontend Developer
python sklearn pandas,Data Scientist
python sql excel,Data Analyst
python machine learning statistics,Data Scientist
java spring sql,Backend Developer
html css javascript react,Frontend Developer
python tensorflow deep learning,ML Engineer
aws docker kubernetes,Cloud Engineer
python pandas numpy,Data Analyst
javascript node mongodb,Backend Developer
html css javascript,Frontend Developer
python sklearn pandas,Data Scientist
python sql excel,Data Analyst
python machine learning statistics,Data Scientist
java spring sql,Backend Developer
html css javascript react,Frontend Developer
python tensorflow deep learning,ML Engineer
aws docker kubernetes,Cloud Engineer
python pandas numpy,Data Analyst
javascript node mongodb,Backend Developer
html css javascript,Frontend Developer
python sklearn pandas,Data Scientist
python sql excel,Data Analyst
python machine learning statistics,Data Scientist
java spring sql,Backend Developer
html css javascript react,Frontend Developer
python tensorflow deep learning,ML Engineer
aws docker kubernetes,Cloud Engineer
python pandas numpy,Data Analyst
javascript node mongodb,Backend Developer
html css javascript,Frontend Developer
python sklearn pandas,Data Scientist
python sql excel,Data Analyst
python machine learning statistics,Data Scientist
java spring sql,Backend Developer
html css javascript react,Frontend Developer
python tensorflow deep learning,ML Engineer
aws docker kubernetes,Cloud Engineer
python pandas numpy,Data Analyst
javascript node mongodb,Backend Developer
html css javascript,Frontend Developer
python sklearn pandas,Data Scientist
python sql excel,Data Analyst
python machine learning statistics,Data Scientist
java spring sql,Backend Developer
html css javascript react,Frontend Developer
python tensorflow deep learning,ML Engineer
aws docker kubernetes,Cloud Engineer
python pandas numpy,Data Analyst
javascript node mongodb,Backend Developer
html css javascript,Frontend Developer
python sklearn pandas,Data Scientist
python sql excel,Data Analyst
python machine learning statistics,Data Scientist
java spring sql,Backend Developer
html css javascript react,Frontend Developer
python tensorflow deep learning,ML Engineer
aws docker kubernetes,Cloud Engineer
python pandas numpy,Data Analyst
javascript node mongodb,Backend Developer
html css javascript,Frontend Developer
python sklearn pandas,Data Scientist
python sql excel,Data Analyst
python machine learning statistics,Data Scientist
java spring sql,Backend Developer
html css javascript react,Frontend Developer
python tensorflow deep learning,ML Engineer
aws docker kubernetes,Cloud Engineer
python pandas numpy,Data Analyst
javascript node mongodb,Backend Developer
html css javascript,Frontend Developer
python sklearn pandas,Data Scientist
python sql excel,Data Analyst
python machine learning statistics,Data Scientist
java spring sql,Backend Developer
html css javascript react,Frontend Developer
python tensorflow deep learning,ML Engineer
aws docker kubernetes,Cloud Engineer
python pandas numpy,Data Analyst
javascript node mongodb,Backend Developer
html css javascript,Frontend Developer
python sklearn pandas,Data Scientist
python sql excel,Data Analyst
python machine learning statistics,Data Scientist
java spring sql,Backend Developer
html css javascript react,Frontend Developer
python tensorflow deep learning,ML Engineer
aws docker kubernetes,Cloud Engineer
python pandas numpy,Data Analyst
javascript node mongodb,Backend Developer
html css javascript,Frontend Developer
python sklearn pandas,Data Scientist
python sql excel,Data Analyst
python machine learning statistics,Data Scientist
java spring sql,Backend Developer
html css javascript react,Frontend Developer
python tensorflow deep learning,ML Engineer
aws docker kubernetes,Cloud Engineer
python pandas numpy,Data Analyst
javascript node mongodb,Backend Developer
html css javascript,Frontend Developer
python sklearn pandas,Data Scientist
python sql excel,Data Analyst
python machine learning statistics,Data Scientist
java spring sql,Backend Developer
html css javascript react,Frontend Developer
python tensorflow deep learning,ML Engineer
aws docker kubernetes,Cloud Engineer
python pandas numpy,Data Analyst
javascript node mongodb,Backend Developer
html css javascript,Frontend Developer
python sklearn pandas,Data Scientist
python sql excel,Data Analyst
python machine learning statistics,Data Scientist
java spring sql,Backend Developer
html css javascript react,Frontend Developer
python tensorflow deep learning,ML Engineer
aws docker kubernetes,Cloud Engineer
python pandas numpy,Data Analyst
javascript node mongodb,Backend Developer
html css javascript,Frontend Developer
python sklearn pandas,Data Scientist
python sql excel,Data Analyst
python machine learning statistics,Data Scientist
java spring sql,Backend Developer
html css javascript react,Frontend Developer
python tensorflow deep learning,ML Engineer
aws docker kubernetes,Cloud Engineer
python pandas numpy,Data Analyst
javascript node mongodb,Backend Developer
html css javascript,Frontend Developer
python sklearn pandas,Data Scientist
python sql excel,Data Analyst
python machine learning statistics,Data Scientist
java spring sql,Backend Developer
html css javascript react,Frontend Developer
python tensorflow deep learning,ML Engineer
aws docker kubernetes,Cloud Engineer
python pandas numpy,Data Analyst
javascript node mongodb,Backend Developer
html css javascript,Frontend Developer
python sklearn pandas,Data Scientist
python sql excel,Data Analyst
python machine learning statistics,Data Scientist
java spring sql,Backend Developer
html css javascript react,Frontend Developer
python tensorflow deep learning,ML Engineer
aws docker kubernetes,Cloud Engineer
python pandas numpy,Data Analyst
javascript node mongodb,Backend Developer
html css javascript,Frontend Developer
python sklearn pandas,Data Scientist
python sql excel,Data Analyst
python machine learning statistics,Data Scientist
java spring sql,Backend Developer
html css javascript react,Frontend Developer
python tensorflow deep learning,ML Engineer
aws docker kubernetes,Cloud Engineer
python pandas numpy,Data Analyst
javascript node mongodb,Backend Developer
html css javascript,Frontend Developer
python sklearn pandas,Data Scientist
python sql excel,Data Analyst
python machine learning statistics,Data Scientist
java spring sql,Backend Developer
html css javascript react,Frontend Developer
python tensorflow deep learning,ML Engineer
aws docker kubernetes,Cloud Engineer
python pandas numpy,Data Analyst
javascript node mongodb,Backend Developer
html css javascript,Frontend Developer
python sklearn pandas,Data Scientist
python sql excel,Data Analyst
python machine learning statistics,Data Scientist
java spring sql,Backend Developer
html css javascript react,Frontend Developer
python tensorflow deep learning,ML Engineer
aws docker kubernetes,Cloud Engineer
python pandas numpy,Data Analyst
javascript node mongodb,Backend Developer
html css javascript,Frontend Developer
python sklearn pandas,Data Scientist
python sql excel,Data Analyst
python machine learning statistics,Data Scientist
java spring sql,Backend Developer
html css javascript react,Frontend Developer
python tensorflow deep learning,ML Engineer
aws docker kubernetes,Cloud Engineer
python pandas numpy,Data Analyst
javascript node mongodb,Backend Developer
html css javascript,Frontend Developer
python sklearn pandas,Data Scientist
python sql excel,Data Analyst
python machine learning statistics,Data Scientist
java spring sql,Backend Developer
html css javascript react,Frontend Developer
python tensorflow deep learning,ML Engineer
aws docker kubernetes,Cloud Engineer
python pandas numpy,Data Analyst
javascript node mongodb,Backend Developer
html css javascript,Frontend Developer
python sklearn pandas,Data Scientist
python sql excel,Data Analyst
python machine learning statistics,Data Scientist
java spring sql,Backend Developer
html css javascript react,Frontend Developer
python tensorflow deep learning,ML Engineer
aws docker kubernetes,Cloud Engineer
python pandas numpy,Data Analyst
javascript node mongodb,Backend Developer
html css javascript,Frontend Developer
python sklearn pandas,Data Scientist
python sql excel,Data Analyst
python machine learning statistics,Data Scientist
java spring sql,Backend Developer
html css javascript react,Frontend Developer
python tensorflow deep learning,ML Engineer
aws docker kubernetes,Cloud Engineer
python pandas numpy,Data Analyst
javascript node mongodb,Backend Developer
html css javascript,Frontend Developer
python sklearn pandas,Data Scientist
python sql excel,Data Analyst
python machine learning statistics,Data Scientist
java spring sql,Backend Developer
html css javascript react,Frontend Developer
python tensorflow deep learning,ML Engineer
aws docker kubernetes,Cloud Engineer
python pandas numpy,Data Analyst
javascript node mongodb,Backend Developer
html css javascript,Frontend Developer
python sklearn pandas,Data Scientist
python sql excel,Data Analyst
python machine learning statistics,Data Scientist
java spring sql,Backend Developer
html css javascript react,Frontend Developer
python tensorflow deep learning,ML Engineer
aws docker kubernetes,Cloud Engineer
python pandas numpy,Data Analyst
javascript node mongodb,Backend Developer
html css javascript,Frontend Developer
python sklearn pandas,Data Scientist
python sql excel,Data Analyst
python machine learning statistics,Data Scientist
java spring sql,Backend Developer
html css javascript react,Frontend Developer
python tensorflow deep learning,ML Engineer
aws docker kubernetes,Cloud Engineer
python pandas numpy,Data Analyst
javascript node mongodb,Backend Developer
html css javascript,Frontend Developer
python sklearn pandas,Data Scientist
python sql excel,Data Analyst
python machine learning statistics,Data Scientist
java spring sql,Backend Developer
html css javascript react,Frontend Developer
python tensorflow deep learning,ML Engineer
aws docker kubernetes,Cloud Engineer
python pandas numpy,Data Analyst
javascript node mongodb,Backend Developer
html css javascript,Frontend Developer
python sklearn pandas,Data Scientist
python sql excel,Data Analyst
python machine learning statistics,Data Scientist
java spring sql,Backend Developer
html css javascript react,Frontend Developer
python tensorflow deep learning,ML Engineer
aws docker kubernetes,Cloud Engineer
python pandas numpy,Data Analyst
javascript node mongodb,Backend Developer
html css javascript,Frontend Developer
python sklearn pandas,Data Scientist
python sql excel,Data Analyst
python machine learning statistics,Data Scientist
java spring sql,Backend Developer
html css javascript react,Frontend Developer
python tensorflow deep learning,ML Engineer
aws docker kubernetes,Cloud Engineer
python pandas numpy,Data Analyst
javascript node mongodb,Backend Developer
html css javascript,Frontend Developer
python sklearn pandas,Data Scientist
python sql excel,Data Analyst
python machine learning statistics,Data Scientist
java spring sql,Backend Developer
html css javascript react,Frontend Developer
python tensorflow deep learning,ML Engineer
aws docker kubernetes,Cloud Engineer
python pandas numpy,Data Analyst
javascript node mongodb,Backend Developer
html css javascript,Frontend Developer
python sklearn pandas,Data Scientist
python sql excel,Data Analyst
python machine learning statistics,Data Scientist
java spring sql,Backend Developer
html css javascript react,Frontend Developer
python tensorflow deep learning,ML Engineer
aws docker kubernetes,Cloud Engineer
python pandas numpy,Data Analyst
javascript node mongodb,Backend Developer
html css javascript,Frontend Developer
python sklearn pandas,Data Scientist
python sql excel,Data Analyst
python machine learning statistics,Data Scientist
java spring sql,Backend Developer
html css javascript react,Frontend Developer
python tensorflow deep learning,ML Engineer
aws docker kubernetes,Cloud Engineer
python pandas numpy,Data Analyst
javascript node mongodb,Backend Developer
html css javascript,Frontend Developer
python sklearn pandas,Data Scientist
python sql excel,Data Analyst
python machine learning statistics,Data Scientist
java spring sql,Backend Developer
html css javascript react,Frontend Developer
python tensorflow deep learning,ML Engineer
aws docker kubernetes,Cloud Engineer
python pandas numpy,Data Analyst
javascript node mongodb,Backend Developer
html css javascript,Frontend Developer
python sklearn pandas,Data Scientist
python sql excel,Data Analyst
python machine learning statistics,Data Scientist
java spring sql,Backend Developer
html css javascript react,Frontend Developer
python tensorflow deep learning,ML Engineer
aws docker kubernetes,Cloud Engineer
python pandas numpy,Data Analyst
javascript node mongodb,Backend Developer
html css javascript,Frontend Developer
python sklearn pandas,Data Scientist
python sql excel,Data Analyst
python machine learning statistics,Data Scientist
java spring sql,Backend Developer
html css javascript react,Frontend Developer
python tensorflow deep learning,ML Engineer
aws docker kubernetes,Cloud Engineer
python pandas numpy,Data Analyst
javascript node mongodb,Backend Developer
html css javascript,Frontend Developer
python sklearn pandas,Data Scientist
python sql excel,Data Analyst
python machine learning statistics,Data Scientist
java spring sql,Backend Developer
html css javascript react,Frontend Developer
python tensorflow deep learning,ML Engineer
aws docker kubernetes,Cloud Engineer
python pandas numpy,Data Analyst
javascript node mongodb,Backend Developer
html css javascript,Frontend Developer
python sklearn pandas,Data Scientist
python sql excel,Data Analyst
python machine learning statistics,Data Scientist
java spring sql,Backend Developer
html css javascript react,Frontend Developer
python tensorflow deep learning,ML Engineer
aws docker kubernetes,Cloud Engineer
python pandas numpy,Data Analyst
javascript node mongodb,Backend Developer
html css javascript,Frontend Developer
python sklearn pandas,Data Scientist
python sql excel,Data Analyst
python machine learning statistics,Data Scientist
java spring sql,Backend Developer
html css javascript react,Frontend Developer
python tensorflow deep learning,ML Engineer
aws docker kubernetes,Cloud Engineer
python pandas numpy,Data Analyst
javascript node mongodb,Backend Developer
html css javascript,Frontend Developer
python sklearn pandas,Data Scientist
python sql excel,Data Analyst
python machine learning statistics,Data Scientist
java spring sql,Backend Developer
html css javascript react,Frontend Developer
python tensorflow deep learning,ML Engineer
aws docker kubernetes,Cloud Engineer
python pandas numpy,Data Analyst
javascript node mongodb,Backend Developer
html css javascript,Frontend Developer
python sklearn pandas,Data Scientist
python sql excel,Data Analyst
python machine learning statistics,Data Scientist
java spring sql,Backend Developer
html css javascript react,Frontend Developer
python tensorflow deep learning,ML Engineer
aws docker kubernetes,Cloud Engineer
python pandas numpy,Data Analyst
javascript node mongodb,Backend Developer
html css javascript,Frontend Developer
python sklearn pandas,Data Scientist
python sql excel,Data Analyst
python machine learning statistics,Data Scientist
java spring sql,Backend Developer
html css javascript react,Frontend Developer
python tensorflow deep learning,ML Engineer
aws docker kubernetes,Cloud Engineer
python pandas numpy,Data Analyst
javascript node mongodb,Backend Developer
html css javascript,Frontend Developer
python sklearn pandas,Data Scientist
python sql excel,Data Analyst
python machine learning statistics,Data Scientist
java spring sql,Backend Developer
html css javascript react,Frontend Developer
python tensorflow deep learning,ML Engineer
aws docker kubernetes,Cloud Engineer
python pandas numpy,Data Analyst
javascript node mongodb,Backend Developer
html css javascript,Frontend Developer
python sklearn pandas,Data Scientist
python sql excel,Data Analyst
python machine learning statistics,Data Scientist
java spring sql,Backend Developer
html css javascript react,Frontend Developer
python tensorflow deep learning,ML Engineer
aws docker kubernetes,Cloud Engineer
python pandas numpy,Data Analyst
javascript node mongodb,Backend Developer
html css javascript,Frontend Developer
python sklearn pandas,Data Scientist
python sql excel,Data Analyst
python machine learning statistics,Data Scientist
java spring sql,Backend Developer
html css javascript react,Frontend Developer
python tensorflow deep learning,ML Engineer
aws docker kubernetes,Cloud Engineer
python pandas numpy,Data Analyst
javascript node mongodb,Backend Developer
html css javascript,Frontend Developer
python sklearn pandas,Data Scientist
python sql excel,Data Analyst
python machine learning statistics,Data Scientist
java spring sql,Backend Developer
html css javascript react,Frontend Developer
python tensorflow deep learning,ML Engineer
aws docker kubernetes,Cloud Engineer
python pandas numpy,Data Analyst
javascript node mongodb,Backend Developer
html css javascript,Frontend Developer
python sklearn pandas,Data Scientist
python sql excel,Data Analyst
python machine learning statistics,Data Scientist
java spring sql,Backend Developer
html css javascript react,Frontend Developer
python tensorflow deep learning,ML Engineer
aws docker kubernetes,Cloud Engineer
python pandas numpy,Data Analyst
javascript node mongodb,Backend Developer
html css javascript,Frontend Developer
python sklearn pandas,Data Scientist
python sql excel,Data Analyst
python machine learning statistics,Data Scientist
java spring sql,Backend Developer
html css javascript react,Frontend Developer
python tensorflow deep learning,ML Engineer
aws docker kubernetes,Cloud Engineer
python pandas numpy,Data Analyst
javascript node mongodb,Backend Developer
html css javascript,Frontend Developer
python sklearn pandas,Data Scientist
python sql excel,Data Analyst
python machine learning statistics,Data Scientist
java spring sql,Backend Developer
html css javascript react,Frontend Developer
python tensorflow deep learning,ML Engineer
aws docker kubernetes,Cloud Engineer
python pandas numpy,Data Analyst
javascript node mongodb,Backend Developer
html css javascript,Frontend Developer
python sklearn pandas,Data Scientist
python sql excel,Data Analyst
python machine learning statistics,Data Scientist
java spring sql,Backend Developer
html css javascript react,Frontend Developer
python tensorflow deep learning,ML Engineer
aws docker kubernetes,Cloud Engineer
python pandas numpy,Data Analyst
javascript node mongodb,Backend Developer
html css javascript,Frontend Developer
python sklearn pandas,Data Scientist
python sql excel,Data Analyst
python machine learning statistics,Data Scientist
java spring sql,Backend Developer
html css javascript react,Frontend Developer
python tensorflow deep learning,ML Engineer
aws docker kubernetes,Cloud Engineer
python pandas numpy,Data Analyst
javascript node mongodb,Backend Developer
html css javascript,Frontend Developer
python sklearn pandas,Data Scientist
python sql excel,Data Analyst
python machine learning statistics,Data Scientist
java spring sql,Backend Developer
html css javascript react,Frontend Developer
python tensorflow deep learning,ML Engineer
aws docker kubernetes,Cloud Engineer
python pandas numpy,Data Analyst
javascript node mongodb,Backend Developer
html css javascript,Frontend Developer
python sklearn pandas,Data Scientist
python sql excel,Data Analyst
python machine learning statistics,Data Scientist
java spring sql,Backend Developer
html css javascript react,Frontend Developer
python tensorflow deep learning,ML Engineer
aws docker kubernetes,Cloud Engineer
python pandas numpy,Data Analyst
javascript node mongodb,Backend Developer
html css javascript,Frontend Developer
python sklearn pandas,Data Scientist
python sql excel,Data Analyst
python machine learning statistics,Data Scientist
java spring sql,Backend Developer
html css javascript react,Frontend Developer
python tensorflow deep learning,ML Engineer
aws docker kubernetes,Cloud Engineer
python pandas numpy,Data Analyst
javascript node mongodb,Backend Developer
html css javascript,Frontend Developer
python sklearn pandas,Data Scientist
python sql excel,Data Analyst
python machine learning statistics,Data Scientist
java spring sql,Backend Developer
html css javascript react,Frontend Developer
python tensorflow deep learning,ML Engineer
aws docker kubernetes,Cloud Engineer
python pandas numpy,Data Analyst
javascript node mongodb,Backend Developer
html css javascript,Frontend Developer
python sklearn pandas,Data Scientist
python sql excel,Data Analyst
python machine learning statistics,Data Scientist
java spring sql,Backend Developer
html css javascript react,Frontend Developer
python tensorflow deep learning,ML Engineer
aws docker kubernetes,Cloud Engineer
python pandas numpy,Data Analyst
javascript node mongodb,Backend Developer
html css javascript,Frontend Developer
python sklearn pandas,Data Scientist
python sql excel,Data Analyst
python machine learning statistics,Data Scientist
java spring sql,Backend Developer
html css javascript react,Frontend Developer
python tensorflow deep learning,ML Engineer
aws docker kubernetes,Cloud Engineer
python pandas numpy,Data Analyst
javascript node mongodb,Backend Developer
html css javascript,Frontend Developer
python sklearn pandas,Data Scientist
python sql excel,Data Analyst
python machine learning statistics,Data Scientist
java spring sql,Backend Developer
html css javascript react,Frontend Developer
python tensorflow deep learning,ML Engineer
aws docker kubernetes,Cloud Engineer
python pandas numpy,Data Analyst
javascript node mongodb,Backend Developer
html css javascript,Frontend Developer
python sklearn pandas,Data Scientist
python sql excel,Data Analyst
python machine learning statistics,Data Scientist
java spring sql,Backend Developer
html css javascript react,Frontend Developer
python tensorflow deep learning,ML Engineer
aws docker kubernetes,Cloud Engineer
python pandas numpy,Data Analyst
javascript node mongodb,Backend Developer
html css javascript,Frontend Developer
python sklearn pandas,Data Scientist
python sql excel,Data Analyst
python machine learning statistics,Data Scientist
java spring sql,Backend Developer
html css javascript react,Frontend Developer
python tensorflow deep learning,ML Engineer
aws docker kubernetes,Cloud Engineer
python pandas numpy,Data Analyst
javascript node mongodb,Backend Developer
html css javascript,Frontend Developer
python sklearn pandas,Data Scientist
python sql excel,Data Analyst
python machine learning statistics,Data Scientist
java spring sql,Backend Developer
html css javascript react,Frontend Developer
python tensorflow deep learning,ML Engineer
aws docker kubernetes,Cloud Engineer
python pandas numpy,Data Analyst
javascript node mongodb,Backend Developer
html css javascript,Frontend Developer
python sklearn pandas,Data Scientist
python sql excel,Data Analyst
python machine learning statistics,Data Scientist
java spring sql,Backend Developer
html css javascript react,Frontend Developer
python tensorflow deep learning,ML Engineer
aws docker kubernetes,Cloud Engineer
python pandas numpy,Data Analyst
javascript node mongodb,Backend Developer
html css javascript,Frontend Developer
python sklearn pandas,Data Scientist
python sql excel,Data Analyst
python machine learning statistics,Data Scientist
java spring sql,Backend Developer
html css javascript react,Frontend Developer
python tensorflow deep learning,ML Engineer
aws docker kubernetes,Cloud Engineer
python pandas numpy,Data Analyst
javascript node mongodb,Backend Developer
html css javascript,Frontend Developer
python sklearn pandas,Data Scientist
python sql excel,Data Analyst
python machine learning statistics,Data Scientist
java spring sql,Backend Developer
html css javascript react,Frontend Developer
python tensorflow deep learning,ML Engineer
aws docker kubernetes,Cloud Engineer
python pandas numpy,Data Analyst
javascript node mongodb,Backend Developer
html css javascript,Frontend Developer
python sklearn pandas,Data Scientist
python sql excel,Data Analyst
python machine learning statistics,Data Scientist
java spring sql,Backend Developer
html css javascript react,Frontend Developer
python tensorflow deep learning,ML Engineer
aws docker kubernetes,Cloud Engineer
python pandas numpy,Data Analyst
javascript node mongodb,Backend Developer
html css javascript,Frontend Developer
python sklearn pandas,Data Scientist
python sql excel,Data Analyst
python machine learning statistics,Data Scientist
java spring sql,Backend Developer
html css javascript react,Frontend Developer
python tensorflow deep learning,ML Engineer
aws docker kubernetes,Cloud Engineer
python pandas numpy,Data Analyst
javascript node mongodb,Backend Developer
html css javascript,Frontend Developer
python sklearn pandas,Data Scientist
python sql excel,Data Analyst
python machine learning statistics,Data Scientist
java spring sql,Backend Developer
html css javascript react,Frontend Developer
python tensorflow deep learning,ML Engineer
aws docker kubernetes,Cloud Engineer
python pandas numpy,Data Analyst
javascript node mongodb,Backend Developer
html css javascript,Frontend Developer
python sklearn pandas,Data Scientist
python sql excel,Data Analyst
python machine learning statistics,Data Scientist
java spring sql,Backend Developer
html css javascript react,Frontend Developer
python tensorflow deep learning,ML Engineer
aws docker kubernetes,Cloud Engineer
python pandas numpy,Data Analyst
javascript node mongodb,Backend Developer
html css javascript,Frontend Developer
python sklearn pandas,Data Scientist
python sql excel,Data Analyst
python machine learning statistics,Data Scientist
java spring sql,Backend Developer
html css javascript react,Frontend Developer
python tensorflow deep learning,ML Engineer
aws docker kubernetes,Cloud Engineer
python pandas numpy,Data Analyst
javascript node mongodb,Backend Developer
html css javascript,Frontend Developer
python sklearn pandas,Data Scientist
python sql excel,Data Analyst
python machine learning statistics,Data Scientist
java spring sql,Backend Developer
html css javascript react,Frontend Developer
python tensorflow deep learning,ML Engineer
aws docker kubernetes,Cloud Engineer
python pandas numpy,Data Analyst
javascript node mongodb,Backend Developer
html css javascript,Frontend Developer
python sklearn pandas,Data Scientist
python sql excel,Data Analyst
python machine learning statistics,Data Scientist
java spring sql,Backend Developer
html css javascript react,Frontend Developer
python tensorflow deep learning,ML Engineer
aws docker kubernetes,Cloud Engineer
python pandas numpy,Data Analyst
javascript node mongodb,Backend Developer
html css javascript,Frontend Developer
python sklearn pandas,Data Scientist
python sql excel,Data Analyst
python machine learning statistics,Data Scientist
java spring sql,Backend Developer
html css javascript react,Frontend Developer
python tensorflow deep learning,ML Engineer
aws docker kubernetes,Cloud Engineer
python pandas numpy,Data Analyst
javascript node mongodb,Backend Developer
html css javascript,Frontend Developer
python sklearn pandas,Data Scientist
python sql excel,Data Analyst
python machine learning statistics,Data Scientist
java spring sql,Backend Developer
html css javascript react,Frontend Developer
python tensorflow deep learning,ML Engineer
aws docker kubernetes,Cloud Engineer
python pandas numpy,Data Analyst
javascript node mongodb,Backend Developer
html css javascript,Frontend Developer
python sklearn pandas,Data Scientist
python sql excel,Data Analyst
python machine learning statistics,Data Scientist
java spring sql,Backend Developer
html css javascript react,Frontend Developer
python tensorflow deep learning,ML Engineer
aws docker kubernetes,Cloud Engineer
python pandas numpy,Data Analyst
javascript node mongodb,Backend Developer
html css javascript,Frontend Developer
python sklearn pandas,Data Scientist
python sql excel,Data Analyst
python machine learning statistics,Data Scientist
java spring sql,Backend Developer
html css javascript react,Frontend Developer
python tensorflow deep learning,ML Engineer
aws docker kubernetes,Cloud Engineer
python pandas numpy,Data Analyst
javascript node mongodb,Backend Developer
html css javascript,Frontend Developer
python sklearn pandas,Data Scientist
python sql excel,Data Analyst
python machine learning statistics,Data Scientist
java spring sql,Backend Developer
html css javascript react,Frontend Developer
python tensorflow deep learning,ML Engineer
aws docker kubernetes,Cloud Engineer
python pandas numpy,Data Analyst
javascript node mongodb,Backend Developer
html css javascript,Frontend Developer
python sklearn pandas,Data Scientist
python sql excel,Data Analyst
python machine learning statistics,Data Scientist
java spring sql,Backend Developer
html css javascript react,Frontend Developer
python tensorflow deep learning,ML Engineer
aws docker kubernetes,Cloud Engineer
python pandas numpy,Data Analyst
javascript node mongodb,Backend Developer
html css javascript,Frontend Developer
python sklearn pandas,Data Scientist
python sql excel,Data Analyst
python machine learning statistics,Data Scientist
java spring sql,Backend Developer
html css javascript react,Frontend Developer
python tensorflow deep learning,ML Engineer
aws docker kubernetes,Cloud Engineer
python pandas numpy,Data Analyst
javascript node mongodb,Backend Developer
html css javascript,Frontend Developer
python sklearn pandas,Data Scientist
python sql excel,Data Analyst
python machine learning statistics,Data Scientist
java spring sql,Backend Developer
html css javascript react,Frontend Developer
python tensorflow deep learning,ML Engineer
aws docker kubernetes,Cloud Engineer
python pandas numpy,Data Analyst
javascript node mongodb,Backend Developer
html css javascript,Frontend Developer
python sklearn pandas,Data Scientist
python sql excel,Data Analyst
python machine learning statistics,Data Scientist
java spring sql,Backend Developer
html css javascript react,Frontend Developer
python tensorflow deep learning,ML Engineer
aws docker kubernetes,Cloud Engineer
python pandas numpy,Data Analyst
javascript node mongodb,Backend Developer
html css javascript,Frontend Developer
python sklearn pandas,Data Scientist
python sql excel,Data Analyst
python machine learning statistics,Data Scientist
java spring sql,Backend Developer
html css javascript react,Frontend Developer
python tensorflow deep learning,ML Engineer
aws docker kubernetes,Cloud Engineer
python pandas numpy,Data Analyst
javascript node mongodb,Backend Developer
html css javascript,Frontend Developer
python sklearn pandas,Data Scientist
python sql excel,Data Analyst
python machine learning statistics,Data Scientist
java spring sql,Backend Developer
html css javascript react,Frontend Developer
python tensorflow deep learning,ML Engineer
aws docker kubernetes,Cloud Engineer
python pandas numpy,Data Analyst
javascript node mongodb,Backend Developer
html css javascript,Frontend Developer
python sklearn pandas,Data Scientist
python sql excel,Data Analyst
python machine learning statistics,Data Scientist
java spring sql,Backend Developer
html css javascript react,Frontend Developer
python tensorflow deep learning,ML Engineer
aws docker kubernetes,Cloud Engineer
python pandas numpy,Data Analyst
javascript node mongodb,Backend Developer
html css javascript,Frontend Developer
python sklearn pandas,Data Scientist
python sql excel,Data Analyst
python machine learning statistics,Data Scientist
java spring sql,Backend Developer
html css javascript react,Frontend Developer
python tensorflow deep learning,ML Engineer
aws docker kubernetes,Cloud Engineer
python pandas numpy,Data Analyst
javascript node mongodb,Backend Developer
html css javascript,Frontend Developer
python sklearn pandas,Data Scientist
python sql excel,Data Analyst
python machine learning statistics,Data Scientist
java spring sql,Backend Developer
html css javascript react,Frontend Developer
python tensorflow deep learning,ML Engineer
aws docker kubernetes,Cloud Engineer
python pandas numpy,Data Analyst
javascript node mongodb,Backend Developer
html css javascript,Frontend Developer
python sklearn pandas,Data Scientist
python sql excel,Data Analyst
python machine learning statistics,Data Scientist
java spring sql,Backend Developer
html css javascript react,Frontend Developer
python tensorflow deep learning,ML Engineer
aws docker kubernetes,Cloud Engineer
python pandas numpy,Data Analyst
javascript node mongodb,Backend Developer
html css javascript,Frontend Developer
python sklearn pandas,Data Scientist
python sql excel,Data Analyst
python machine learning statistics,Data Scientist
java spring sql,Backend Developer
html css javascript react,Frontend Developer
python tensorflow deep learning,ML Engineer
aws docker kubernetes,Cloud Engineer
python pandas numpy,Data Analyst
javascript node mongodb,Backend Developer
html css javascript,Frontend Developer
python sklearn pandas,Data Scientist
python sql excel,Data Analyst
python machine learning statistics,Data Scientist
java spring sql,Backend Developer
html css javascript react,Frontend Developer
python tensorflow deep learning,ML Engineer
aws docker kubernetes,Cloud Engineer
python pandas numpy,Data Analyst
javascript node mongodb,Backend Developer
html css javascript,Frontend Developer
python sklearn pandas,Data Scientist
python sql excel,Data Analyst
python machine learning statistics,Data Scientist
java spring sql,Backend Developer
html css javascript react,Frontend Developer
python tensorflow deep learning,ML Engineer
aws docker kubernetes,Cloud Engineer
python pandas numpy,Data Analyst
javascript node mongodb,Backend Developer
html css javascript,Frontend Developer
python sklearn pandas,Data Scientist
python sql excel,Data Analyst
python machine learning statistics,Data Scientist
java spring sql,Backend Developer
html css javascript react,Frontend Developer
python tensorflow deep learning,ML Engineer
aws docker kubernetes,Cloud Engineer
python pandas numpy,Data Analyst
javascript node mongodb,Backend Developer
html css javascript,Frontend Developer
python sklearn pandas,Data Scientist
python sql excel,Data Analyst
python machine learning statistics,Data Scientist
java spring sql,Backend Developer
html css javascript react,Frontend Developer
python tensorflow deep learning,ML Engineer
aws docker kubernetes,Cloud Engineer
python pandas numpy,Data Analyst
javascript node mongodb,Backend Developer
html css javascript,Frontend Developer
python sklearn pandas,Data Scientist
python sql excel,Data Analyst
python machine learning statistics,Data Scientist
java spring sql,Backend Developer
html css javascript react,Frontend Developer
python tensorflow deep learning,ML Engineer
aws docker kubernetes,Cloud Engineer
python pandas numpy,Data Analyst
javascript node mongodb,Backend Developer
html css javascript,Frontend Developer
python sklearn pandas,Data Scientist
